date,sensor_id,temperature,wind_speed,wind_direction
2020-02-20 13:00:57,11,90.42,72.91,153
2020-05-28 21:31:03,9,51.62,20.07,255
2020-06-04 16:32:02,3,6.68,89.31,309
2020-06-23 04:16:20,7,12.45,9.55,309
2019-12-04 17:43:02,7,43.56,4.04,114
2019-08-06 09:17:28,12,79.27,2.13,4
2020-03-16 11:09:26,2,39.96,5.49,257
2020-02-11 07:26:51,14,42.03,37.09,48
2020-02-06 09:41:49,6,34.54,35.31,211
2019-10-05 09:21:14,14,6.93,29.58,274
2019-07-27 03:09:00,12,25.19,55.87,133
2019-10-09 20:03:00,13,15.8,9.21,352
2019-10-26 06:43:00,5,59.26,17.62,40
2020-05-17 08:37:13,4,88.16,63.66,312
2020-05-07 00:48:24,12,43.01,70.01,303
2019-09-02 16:02:04,7,5.69,73.52,288
2020-04-30 20:10:35,7,54.4,63.78,292
2019-12-27 00:12:39,8,43.6,3.69,55
2019-08-31 14:13:51,11,40.02,22.6,167
2020-05-02 15:00:56,2,39.6,83.42,92
2020-01-01 19:57:17,11,66.95,44.07,256
2019-09-30 04:57:05,10,37.71,27.15,40
2020-01-31 17:46:09,15,49.77,31.12,295
2020-06-13 15:09:05,9,44.56,58.28,251
2019-10-15 23:10:56,12,37.75,51.99,292
2019-10-10 12:09:14,9,16.32,88.02,83
2019-08-20 05:13:11,13,77.83,37.29,333
2020-03-09 13:04:54,13,72.35,37.83,301
2020-06-21 18:14:20,8,50.98,67.45,43
2019-10-10 20:39:55,12,61.5,17.24,166
2020-04-27 05:00:57,9,19.79,25.54,14
2019-12-21 07:45:36,2,88.64,20.87,298
2020-01-28 02:39:36,5,65.82,85.36,128
2020-03-29 05:30:37,8,18.09,29.18,296
2020-03-27 22:22:16,9,14.67,18.54,310
2020-05-13 08:33:16,10,75.67,76.53,341
2020-01-05 20:58:24,2,72.61,93.73,230
2020-05-25 23:56:07,13,89.94,73.32,267
2019-08-31 12:58:09,3,59.99,72.35,288
2019-12-14 02:18:00,8,73.89,14.18,156
2019-10-08 10:09:56,7,53.39,52.86,234
2019-10-07 03:04:38,2,48.02,3.82,174
2019-07-23 19:58:20,3,95.24,3.2,158
2019-08-05 07:41:57,15,68.51,38.94,183
2020-05-29 16:13:24,15,90.02,4.08,130
2020-02-25 18:23:30,9,34.68,3.57,80
2019-08-01 19:47:36,7,10.98,46.01,253
2019-11-27 23:35:40,15,60.22,75.3,2
2020-03-17 13:39:40,2,94.6,32.42,42
2019-12-08 20:29:00,3,54.45,61.99,116
2019-08-20 23:28:08,14,95.0,73.51,147
2020-05-09 04:15:57,8,97.56,65.19,290
2020-01-08 23:35:19,15,8.92,84.41,179
2020-05-21 06:37:49,13,94.53,30.54,54
2020-01-23 22:49:34,5,63.05,38.73,311
2019-11-13 21:29:27,4,35.3,36.44,288
2019-08-06 22:13:06,12,11.38,71.48,143
2020-02-29 09:07:09,6,94.12,24.89,338
2019-09-27 10:10:05,2,44.05,80.36,49
2019-10-27 21:22:06,6,62.22,1.33,306
2020-06-28 23:57:26,9,88.36,32.85,314
2019-08-10 23:29:14,11,58.02,48.48,159
2020-03-28 19:46:15,9,78.01,4.7,21
2020-07-20 07:40:47,4,27.44,93.35,99
2019-11-27 08:15:35,3,20.48,88.8,338
2019-09-16 15:04:21,15,48.15,44.35,284
2019-11-04 23:07:26,2,20.17,2.48,338
2020-01-06 18:11:39,8,32.68,65.48,17
2019-12-19 10:37:01,10,85.36,54.27,158
2019-12-04 03:46:36,10,50.19,99.9,291
2019-09-17 00:48:40,9,38.21,78.56,279
2019-10-22 16:08:20,14,48.93,33.01,43
2020-01-16 05:58:27,13,51.09,95.04,95
2020-06-07 18:21:19,4,36.35,50.96,83
2019-07-26 12:38:02,13,90.58,78.13,196
2020-04-04 11:10:10,12,73.2,44.33,124
2019-07-27 00:39:41,12,91.81,9.78,310
2020-02-01 03:10:22,3,85.8,10.1,148
2020-04-17 19:43:06,12,15.64,34.66,7
2020-02-05 06:02:39,12,52.6,49.28,281
2020-06-24 11:39:13,14,74.2,44.34,2
2019-09-19 20:00:17,2,13.36,96.95,253
2019-09-30 14:03:34,12,39.01,98.57,118
2020-03-03 15:32:20,8,59.55,39.08,191
2020-01-15 19:16:47,12,74.0,97.37,284
2020-01-21 13:39:18,4,46.86,72.1,76
2019-10-14 22:51:11,7,14.19,56.87,281
2020-03-07 11:11:35,8,80.6,58.43,84
2019-10-24 11:52:00,1,77.96,35.79,129
2020-01-12 06:22:03,9,54.84,91.28,12
2020-04-08 23:55:19,10,27.61,50.92,190
2020-07-04 17:32:07,11,43.81,69.01,35
2019-12-26 08:43:17,2,73.77,29.5,234
2020-04-03 10:29:07,15,8.93,83.48,261
2020-01-16 09:53:51,1,77.18,16.49,31
2020-01-04 22:32:37,13,48.68,49.98,24
2019-11-18 12:42:16,5,4.47,4.93,33
2019-07-22 05:52:07,2,4.2,86.63,308
2019-12-31 09:23:34,8,59.36,29.25,298
2020-02-02 21:55:33,1,34.75,88.02,326
2019-10-26 03:17:15,10,50.42,42.13,145
2019-12-26 21:53:13,12,26.71,91.43,205
2019-10-27 09:43:34,8,47.06,16.37,188
2019-08-24 22:36:37,14,81.21,33.5,337
2020-02-01 17:19:15,2,90.08,65.58,286
2020-05-13 03:49:31,8,57.75,5.35,343
2019-11-14 18:01:33,1,21.86,21.24,1
2020-05-29 06:52:48,8,62.1,61.74,43
2020-02-17 08:02:43,5,59.75,74.21,354
2020-02-15 03:39:44,15,71.26,69.75,121
2019-09-01 04:12:16,3,17.63,47.78,265
2019-10-04 14:08:24,13,82.7,15.5,67
2019-08-01 13:59:04,3,10.92,81.42,271
2020-05-22 14:54:58,14,38.14,16.98,311
2020-03-17 11:27:13,12,55.82,44.74,125
2019-12-15 11:12:47,13,67.44,52.16,294
2020-03-11 02:43:02,5,64.04,58.85,144
2020-02-27 18:49:16,11,30.56,67.71,222
2019-07-31 08:38:05,15,26.61,59.58,115
2019-11-14 02:34:03,5,68.2,68.35,187
2019-12-19 08:20:33,8,80.95,13.05,328
2020-01-07 10:11:49,5,55.03,12.65,262
2020-02-28 10:21:03,5,17.93,34.9,183
2020-06-21 02:13:55,11,82.69,72.45,103
2020-04-02 15:54:20,14,46.75,19.84,122
2020-01-08 23:07:01,10,84.77,13.45,182
2020-05-31 12:30:44,3,48.88,79.13,271
2020-02-25 04:06:00,4,92.33,83.95,209
2020-03-08 17:44:12,14,5.68,47.38,252
2019-09-12 11:41:57,15,97.52,8.68,25
2019-08-15 15:17:35,2,25.31,59.68,272
2020-06-07 15:51:25,12,97.66,40.66,262
2020-04-16 10:12:12,5,22.41,16.05,201
2020-03-06 12:45:52,13,40.69,7.23,92
2020-02-23 07:54:41,3,36.9,7.48,170
2020-07-16 16:54:22,1,39.26,50.68,73
2019-08-21 15:21:22,11,74.06,4.33,311
2020-01-01 16:53:54,9,71.18,56.18,69
2019-12-27 10:36:58,10,80.26,38.52,93
2020-06-07 05:33:22,13,24.84,41.59,337
2019-12-11 14:29:51,7,77.04,84.12,253
2020-06-24 13:05:46,9,40.36,11.27,296
2020-05-14 01:54:21,8,9.62,6.93,184
2019-10-13 11:10:16,12,80.4,36.42,190
2020-02-28 03:36:03,2,27.64,76.43,210
2019-11-08 17:52:00,7,11.97,3.36,62
2020-03-31 11:04:11,2,66.51,1.43,275
2020-05-01 04:14:39,8,38.09,20.4,110
2019-09-22 13:03:28,10,93.46,60.04,83
2019-11-12 17:20:22,15,67.88,31.03,165
2020-01-07 14:30:12,10,75.49,86.68,185
2020-02-29 06:33:30,9,43.5,49.14,94
2019-11-27 13:47:03,10,54.72,93.61,17
2019-11-13 00:13:22,9,84.82,81.46,99
2019-12-27 03:55:12,10,46.27,84.53,249
2020-04-14 18:12:26,15,14.07,91.31,97
2019-11-12 09:18:58,6,22.27,24.59,154
2020-02-11 13:24:39,12,92.08,22.95,192
2019-10-31 04:56:23,5,43.39,29.35,197
2019-11-01 13:25:50,1,38.32,61.4,101
2020-03-03 12:11:40,3,12.1,97.62,30
2020-06-24 14:46:49,11,34.89,14.83,42
2019-07-23 04:53:05,6,60.45,78.66,73
2020-02-02 12:27:18,1,9.85,26.82,60
2020-01-25 10:18:29,14,65.89,9.71,285
2019-10-30 01:51:13,5,97.76,17.38,54
2019-12-16 18:39:38,3,76.06,31.7,72
2020-03-30 20:32:27,3,80.31,27.51,328
2020-01-05 08:58:32,9,60.33,79.19,109
2020-02-14 07:44:25,6,28.25,71.87,140
2019-10-29 17:03:21,6,67.35,4.18,96
2020-04-30 18:37:36,6,57.17,84.01,303
2019-12-31 11:18:31,4,21.28,85.32,17
2020-03-08 10:51:50,7,1.09,28.97,196
2019-11-15 11:57:15,2,15.9,69.81,136
2020-04-10 08:51:40,3,63.09,90.58,31
2019-09-06 14:08:43,11,60.33,74.34,213
2020-01-22 19:43:27,5,3.64,77.32,303
2020-04-04 09:44:58,7,28.41,77.46,337
2019-10-14 17:28:24,12,43.28,21.7,14
2020-05-02 12:30:49,10,35.31,9.05,13
2020-02-14 04:33:51,10,63.93,64.81,302
2019-07-30 07:58:31,13,42.42,78.47,118
2020-04-14 04:44:02,12,53.91,95.41,127
2019-12-20 04:03:14,13,49.9,29.7,42
2020-01-22 08:09:12,15,69.37,53.96,314
2019-08-17 08:30:07,1,84.35,66.3,229
2020-04-16 13:53:01,8,3.43,15.87,49
2020-03-21 10:52:17,6,74.08,11.1,94
2020-07-07 11:05:59,3,66.35,1.8,144
2019-08-20 20:45:57,14,2.7,72.03,283
2020-03-04 23:31:40,6,49.63,43.91,252
2020-04-19 20:06:18,3,30.7,9.94,54
2020-06-20 04:38:14,13,30.93,17.11,172
2020-03-27 09:53:53,14,94.67,23.48,114
2020-02-27 03:26:23,3,82.21,35.68,38
2020-04-11 14:32:27,15,52.86,88.05,167
2020-01-01 07:35:59,11,18.13,18.52,351
2020-05-14 01:13:00,14,88.82,71.67,342
2020-02-17 18:53:03,7,87.42,57.13,270
2020-07-13 18:06:02,4,27.59,40.43,96
2020-05-04 14:19:01,3,91.58,60.36,246
2020-05-29 15:07:38,4,9.53,30.45,216
2019-12-11 05:43:16,5,81.24,94.92,149
2019-11-02 14:16:08,13,97.63,92.59,77
2019-11-26 07:10:03,3,3.55,25.6,192
2019-10-12 11:12:47,9,28.03,66.91,75
2019-11-15 03:55:18,14,14.34,49.19,152
2020-04-13 10:34:23,11,53.02,88.32,53
2019-08-26 15:18:49,4,65.86,69.16,285
2020-02-14 14:14:32,8,42.33,78.82,295
2020-05-17 12:13:02,4,2.59,79.09,329
2020-03-19 21:23:11,9,74.9,67.29,350
2019-09-03 19:13:36,4,57.68,11.21,206
2020-04-11 17:22:22,4,37.22,23.55,321
2019-11-08 04:09:38,12,8.97,81.19,78
2020-07-06 00:26:28,4,74.44,39.02,307
2019-08-12 07:28:51,2,55.75,70.05,256
2019-12-25 19:52:14,6,59.69,16.09,109
2020-04-09 13:05:43,8,2.62,40.52,146
2019-10-19 14:16:53,11,16.06,94.49,113
2019-11-08 22:14:43,4,61.53,24.88,6
2020-03-27 17:49:53,14,59.25,52.35,273
2019-10-15 02:40:05,6,65.44,95.21,328
2019-10-10 10:27:37,14,59.65,72.42,16
2019-12-27 02:27:38,1,30.19,23.86,352
2020-01-08 07:31:58,15,45.52,29.56,20
2020-03-21 03:34:20,5,91.13,26.65,181
2020-03-05 04:26:50,3,98.27,80.64,60
2020-03-22 16:14:06,4,8.61,96.51,326
2020-03-26 15:56:27,12,78.56,77.63,312
2020-02-20 21:00:35,3,39.14,74.85,93
2019-09-12 10:44:03,4,84.88,43.34,330
2020-05-18 17:35:00,3,77.2,81.15,59
2020-03-17 09:38:38,9,10.36,13.53,25
2020-02-06 21:26:05,13,65.37,87.94,226
2019-11-17 18:23:27,5,41.24,63.4,320
2020-06-10 14:50:00,12,16.4,78.31,103
2019-12-22 01:18:56,5,77.95,29.64,108
2019-12-04 07:24:49,12,76.66,54.06,151
2019-09-03 16:27:51,6,81.43,78.02,29
2020-01-23 03:13:40,4,21.5,80.06,41
2020-02-18 14:08:32,2,40.97,59.34,200
2019-10-11 16:29:49,14,21.0,95.15,230
2020-02-16 21:51:59,13,33.88,44.52,313
2020-06-07 09:16:19,12,74.9,2.78,130
2020-04-09 06:08:41,10,14.46,63.84,115
2020-01-16 18:38:54,6,56.14,47.16,243
2020-02-06 05:02:54,5,95.74,40.86,271
2020-02-11 03:46:22,9,32.21,45.79,192
2020-06-03 06:29:32,15,91.41,52.02,77
2020-05-31 11:58:45,12,14.38,2.48,136
2019-11-19 10:18:40,9,37.14,50.85,269
2019-07-30 05:31:41,11,7.29,65.7,45
2019-12-29 16:05:38,15,56.15,33.01,99
2019-11-11 06:22:49,4,10.92,51.01,64
2020-05-20 14:33:53,13,80.78,89.5,289
2019-10-02 04:59:00,13,58.69,73.13,120
2020-05-26 09:36:41,15,72.62,18.69,42
2020-02-15 18:49:06,4,70.24,34.1,197
2019-11-26 17:58:40,6,11.01,27.2,69
2019-12-18 08:27:19,6,98.55,64.45,261
2019-10-16 19:04:13,12,90.27,83.53,70
2019-11-11 20:57:30,11,7.29,70.06,162
2019-11-14 05:44:52,9,91.39,24.53,274
2020-06-14 14:55:12,12,53.59,10.47,303
2019-08-08 20:59:18,11,18.31,70.79,331
2020-03-28 03:42:36,4,19.14,61.54,235
2019-07-31 01:47:34,14,22.23,70.99,289
2019-08-15 01:04:50,1,20.64,94.93,1
2020-01-05 19:52:44,9,93.67,26.35,165
2020-03-31 03:39:06,8,82.41,16.76,191
2020-03-13 23:11:19,9,36.89,78.05,247
2020-01-15 12:54:33,12,93.2,5.17,175
2020-03-08 17:48:31,8,24.31,69.82,334
2019-09-07 00:35:38,6,76.23,11.15,131
2020-04-22 07:57:19,4,32.71,24.76,110
2020-04-03 10:24:42,13,69.93,74.24,85
2019-09-27 01:18:17,10,48.65,73.86,132
2020-07-08 06:18:18,10,51.38,38.44,100
2020-04-30 00:07:29,7,50.95,1.25,327
2019-10-25 18:28:50,10,4.52,43.92,316
2019-08-28 15:03:51,10,92.03,79.24,328
2020-01-04 20:45:19,15,81.37,52.74,350
2020-04-20 07:21:14,11,8.72,63.09,283
2019-10-22 00:01:47,8,69.71,87.08,123
2019-08-19 10:43:29,5,96.14,65.03,333
2020-03-17 00:24:27,3,1.98,79.59,181
2020-05-16 11:20:35,1,24.46,61.63,33
2020-06-28 15:16:46,5,28.03,91.58,358
2020-04-21 13:48:13,4,16.73,64.65,351
2020-07-18 18:07:34,3,61.47,2.58,178
2020-03-27 04:21:45,1,23.57,9.45,287
2019-11-04 09:00:35,12,24.37,92.23,89
2019-10-30 06:19:01,8,44.53,72.57,37
2020-06-26 06:40:53,3,55.53,47.54,19
2020-05-10 00:48:19,3,1.6,49.5,184
2020-03-31 09:35:20,5,88.05,92.82,57
2019-08-15 19:48:48,2,44.07,42.43,226
2020-04-30 20:39:59,10,51.03,39.95,79
2019-11-30 08:04:24,1,71.91,38.03,127
2020-06-15 22:14:40,13,83.55,25.72,125
2019-11-05 01:25:19,9,4.04,72.9,219
2020-04-09 18:06:48,1,93.03,53.39,21
2020-03-16 14:40:52,2,60.39,26.07,165
2019-11-17 08:33:17,15,13.0,18.76,245
2020-07-02 13:51:29,9,64.26,56.57,259
2020-05-28 10:43:26,9,63.99,94.02,288
2020-06-08 11:23:09,3,48.56,50.61,209
2020-07-13 14:31:16,13,44.09,73.75,22
2019-08-31 11:35:05,3,96.61,49.21,203
2020-04-27 11:49:25,15,26.16,47.58,152
2020-05-07 07:03:22,4,21.99,50.28,320
2020-04-15 00:12:01,7,41.18,71.38,68
2020-01-10 01:22:28,11,26.51,49.15,176
2019-09-19 01:12:25,11,67.96,8.95,55
2020-05-01 17:39:49,14,57.97,98.1,10
2020-04-07 23:39:29,10,21.42,62.15,0
2020-03-24 13:53:28,9,37.09,4.2,104
2019-10-10 15:56:31,5,6.57,94.92,58
2020-07-12 11:56:43,7,46.24,21.23,98
2020-06-07 14:15:05,1,3.44,32.99,287
2020-06-10 17:54:37,10,8.25,19.01,137
2020-06-08 11:06:13,11,39.03,76.14,284
2019-10-04 16:51:05,6,11.3,80.14,41
2020-02-26 19:54:00,7,55.9,22.56,261
2020-06-09 23:42:19,14,32.86,80.4,267
2019-08-04 02:21:05,5,64.33,2.67,48
2019-09-19 15:14:40,12,36.48,73.18,267
2020-01-21 02:05:17,3,21.74,78.59,109
2019-08-18 06:34:40,3,36.42,1.8,337
2019-12-13 07:28:01,3,33.64,26.14,246
2019-09-05 00:16:08,5,16.22,90.34,131
2020-05-03 15:47:00,2,88.22,8.26,283
2020-05-04 18:17:52,7,23.0,48.04,202
2019-08-01 17:01:52,14,31.47,21.0,277
2020-06-03 19:41:40,14,67.59,47.14,227
2019-12-22 08:35:07,15,21.02,71.28,78
2020-06-01 19:12:05,8,41.87,67.72,135
2020-07-02 02:26:26,15,94.79,67.86,178
2019-09-08 04:16:09,6,37.47,52.13,52
2020-06-15 09:51:34,12,1.42,87.87,279
2019-10-12 03:21:03,8,30.95,17.91,56
2019-10-26 22:18:43,4,90.77,40.15,165
2020-06-09 07:11:01,5,89.04,29.34,269
2019-11-29 05:49:36,5,82.72,27.1,307
2020-06-11 05:33:33,7,35.0,47.31,195
2019-07-27 00:12:53,11,82.91,1.84,231
2020-06-11 19:01:31,12,85.08,39.21,117
2020-06-13 17:03:40,7,26.79,18.54,351
2019-09-23 07:32:04,11,16.05,55.06,344
2020-06-25 20:09:50,1,73.93,17.08,151
2020-06-16 03:25:38,11,79.38,23.39,192
2019-08-08 11:08:45,13,56.23,57.76,71
2020-07-17 17:57:15,13,63.45,29.96,69
2019-09-21 10:35:19,12,73.97,80.07,68
2019-12-30 17:07:45,2,10.17,77.66,74
2019-08-09 01:13:33,13,18.39,33.84,341
2019-07-31 16:23:35,12,83.59,82.02,268
2019-07-23 05:23:01,9,79.04,67.77,62
2020-02-03 07:55:53,12,77.27,34.1,146
2020-05-25 02:51:05,6,25.35,88.96,298
2019-08-18 21:23:20,5,61.26,11.35,198
2020-01-13 02:32:51,6,12.54,4.84,78
2019-09-02 14:58:19,5,63.54,97.81,49
2020-03-25 10:55:00,13,1.71,92.49,87
2019-09-11 08:45:13,15,76.9,73.64,354
2019-10-31 09:03:30,9,52.96,83.11,354
2019-10-19 11:27:09,10,12.71,20.24,197
2020-02-10 22:34:07,4,24.76,25.61,201
2019-08-08 19:29:03,2,30.56,75.07,96
2019-10-20 01:27:58,5,20.94,44.07,142
2019-11-09 22:29:06,7,41.27,29.94,67
2019-09-17 05:19:18,14,71.16,24.11,201
2019-10-04 11:08:29,10,44.11,55.45,215
2020-06-11 07:42:44,7,20.13,72.23,218
2019-08-09 23:10:13,7,54.24,10.93,33
2020-02-21 16:02:55,2,45.7,99.76,329
2020-04-09 03:33:52,11,24.33,51.92,223
2019-08-12 10:44:03,4,50.82,62.38,294
2020-01-01 12:46:55,10,24.66,41.66,300
2020-04-27 23:49:32,15,6.01,95.82,220
2020-05-23 01:37:02,6,71.95,1.87,22
2020-06-11 19:34:46,11,76.68,59.74,309
2019-08-10 14:17:10,5,85.0,41.05,200
2020-03-13 00:23:15,2,12.75,38.86,30
2020-03-26 22:37:26,7,69.48,73.71,122
2019-11-08 11:08:46,10,28.79,6.11,38
2020-03-16 17:48:02,11,91.66,66.11,147
2019-12-26 22:18:12,14,8.81,69.2,8
2020-02-08 02:14:57,7,88.69,12.76,341
2019-08-07 15:15:54,12,90.13,89.46,325
2020-01-03 11:06:49,13,22.47,12.12,109
2020-05-06 14:28:58,14,44.19,45.29,8
2019-09-18 04:45:13,9,72.85,34.74,331
2020-03-30 20:45:15,4,59.06,66.63,251
2019-08-14 15:01:56,14,86.38,56.36,289
2019-10-25 01:09:11,2,92.77,31.49,11
2019-11-10 13:36:05,15,76.17,35.36,200
2019-09-14 12:52:20,11,22.88,99.94,5
2020-07-10 07:10:46,9,62.56,45.15,54
2020-04-17 23:40:30,6,11.23,35.86,330
2020-03-15 21:48:06,12,98.65,52.06,70
2019-11-09 15:25:02,14,4.4,48.42,74
2019-10-01 18:33:21,4,51.53,19.58,42
2019-09-24 10:14:31,11,59.63,85.61,175
2020-05-23 09:46:30,3,89.88,85.5,143
2020-03-31 23:59:36,1,61.27,59.13,225
2020-04-29 20:38:49,7,20.6,53.38,353
2020-06-01 14:47:34,14,42.35,57.75,243
2019-07-28 02:34:29,14,12.76,64.12,53
2020-01-22 02:26:46,7,28.17,48.05,126
2020-04-29 14:36:55,9,41.56,18.35,181
2019-10-20 17:14:50,7,13.26,30.21,271
2019-09-20 21:35:37,6,32.0,52.88,359
2020-02-14 10:59:22,14,74.16,57.07,320
2019-10-16 09:13:14,9,11.6,82.15,260
2019-10-08 09:49:36,6,27.95,41.57,214
2019-10-04 14:31:58,11,82.56,55.26,289
2019-12-13 21:15:04,6,23.65,19.21,54
2020-01-04 02:32:46,10,56.78,67.16,197
2019-08-17 11:11:56,10,71.42,41.95,14
2020-01-20 08:21:50,6,63.08,38.87,225
2019-10-26 15:44:31,7,44.13,23.04,271
2020-06-21 01:26:15,1,49.16,9.96,272
2019-10-29 22:48:19,4,26.36,3.13,171
2019-08-08 02:54:33,1,45.88,6.34,328
2020-06-11 13:56:43,12,59.28,50.14,222
2020-04-23 23:11:01,14,89.4,21.49,28
2019-09-14 01:39:16,5,82.51,21.15,211
2019-11-17 05:08:32,15,8.66,12.15,224
2020-04-05 15:08:17,4,92.78,83.18,48
2020-07-04 06:05:51,4,10.31,47.58,80
2019-12-05 19:43:34,11,10.98,69.53,314
2019-09-24 09:38:48,6,58.25,3.87,25
2020-03-17 00:56:03,14,66.64,88.97,282
2020-04-05 19:14:08,1,94.9,93.52,80
2020-04-18 07:47:03,11,24.89,97.18,317
2020-04-15 15:39:32,11,37.15,7.76,358
2019-07-27 00:23:32,12,51.36,81.36,346
2019-08-23 14:09:04,13,80.13,99.28,171
2020-04-12 11:10:22,2,85.72,55.77,34
2020-03-24 12:45:56,4,14.85,30.4,95
2019-11-02 16:47:08,13,53.78,5.83,212
2019-08-10 00:56:19,15,16.95,42.19,132
2019-08-19 12:29:21,11,58.28,5.76,59
2020-01-20 13:45:23,6,96.28,53.23,173
2020-07-07 08:23:32,3,54.48,18.76,78
2019-08-24 12:12:09,14,18.33,79.77,215
2019-12-19 03:09:47,14,11.61,48.98,75
2019-11-19 07:44:22,12,77.96,96.93,327
2019-10-28 08:59:39,3,9.7,27.05,47
2020-05-19 23:00:07,7,47.99,20.15,346
2019-08-14 02:05:26,9,1.06,94.8,103
2020-02-19 08:22:39,9,33.34,84.81,320
2020-01-21 23:48:21,4,46.0,6.49,321
2019-12-25 09:37:48,2,70.19,65.27,341
2019-10-01 18:03:38,10,34.5,24.65,76
2020-01-10 01:27:10,1,27.73,66.45,10
2019-10-01 07:19:54,1,3.94,52.8,19
2019-12-30 19:07:09,12,17.48,54.57,178
2019-09-16 12:16:20,5,48.13,66.5,18
2019-08-04 22:04:59,2,30.44,28.77,68
2020-02-26 11:47:44,11,71.97,22.72,310
2019-07-23 20:52:20,10,89.24,30.03,240
2020-04-08 11:55:10,5,18.58,91.22,354
2019-09-04 11:21:05,14,92.1,94.65,277
2020-01-11 07:13:27,9,85.16,30.98,62
2019-09-13 17:50:16,10,95.78,68.66,64
2019-11-04 17:23:04,6,69.25,92.04,117
2020-04-09 19:34:24,2,8.75,85.57,128
2020-02-22 06:41:32,12,38.78,47.02,286
2020-04-21 13:21:37,10,42.7,72.73,31
2020-03-30 03:27:37,4,61.45,55.44,98
2020-02-08 20:48:06,15,34.02,51.4,28
2020-05-18 01:18:01,4,52.5,22.99,308
2019-08-31 06:26:46,4,58.75,53.12,358
2020-01-30 10:37:47,13,63.99,43.03,9
2019-10-15 05:14:03,12,67.9,46.4,29
2019-11-28 11:41:39,12,77.82,16.25,103
2019-10-28 03:39:45,15,30.63,23.85,152
2020-06-22 15:46:36,13,78.89,71.11,136
2019-11-27 05:06:39,7,18.71,51.63,198
2020-03-21 11:43:34,7,14.47,61.67,271
2020-03-17 04:18:11,5,35.3,4.0,2
2020-06-18 11:04:05,6,33.75,66.73,75
2019-11-15 18:10:39,4,92.39,78.82,3
2020-04-29 18:10:50,4,93.39,87.34,340
2020-06-20 10:39:19,2,11.46,84.23,102
2020-07-13 18:36:38,10,2.63,58.72,303
2020-03-08 06:58:18,3,64.87,3.83,218
2020-05-19 23:13:44,14,15.03,7.36,140
2019-11-04 12:34:51,13,1.38,5.21,61
2020-02-22 10:51:49,9,91.29,37.11,149
2020-01-15 13:20:15,13,30.62,68.31,182
2020-02-16 01:47:41,1,14.84,46.91,332
2019-09-12 22:55:32,4,86.41,67.07,94
2019-09-18 17:17:34,6,82.8,46.7,49
2019-12-10 18:45:36,5,16.3,40.97,5
2020-03-13 13:23:53,13,19.32,80.75,47
2019-09-29 23:52:33,5,14.48,70.78,216
2020-06-24 17:28:30,14,28.79,38.95,311
2019-12-29 07:30:00,4,34.33,26.24,136
2019-12-05 23:43:05,12,17.51,48.38,251
2019-10-28 22:49:49,5,12.4,79.48,209
2019-10-25 23:34:50,4,37.86,12.78,40
2020-04-06 20:15:17,12,10.0,86.84,122
2020-05-25 16:59:34,5,47.58,36.78,249
2020-05-17 09:56:50,6,86.74,14.01,94
2019-12-06 07:01:15,10,90.25,37.62,113
2019-11-09 02:36:14,4,16.74,2.27,42
2019-11-11 14:26:10,12,21.21,56.14,112
2019-12-08 07:03:49,12,53.84,97.56,253
2019-08-14 05:05:42,13,81.71,80.12,352
2019-12-20 20:21:46,5,15.46,19.11,223
2019-12-07 23:08:47,4,56.77,31.65,62
2020-04-29 13:01:40,8,89.4,51.31,66
2019-10-04 02:16:05,1,9.24,18.78,292
2019-09-16 13:21:42,14,58.13,26.68,292
2020-03-06 04:02:08,14,89.03,69.85,63
2020-01-29 11:36:43,1,2.12,37.4,85
2019-09-17 02:41:33,8,81.57,2.79,91
2020-05-19 12:50:39,6,40.89,69.95,231
2020-02-13 11:41:11,7,88.13,9.33,91
2020-01-09 05:06:45,12,74.56,2.17,201
2019-10-02 05:16:38,7,43.99,27.85,124
2019-09-17 23:25:43,6,72.96,29.73,89
2020-03-26 15:40:11,1,52.28,63.78,304
2020-03-14 07:32:58,4,29.88,97.59,220
2020-07-01 23:35:20,13,46.63,28.03,60
2020-02-17 16:36:07,13,32.96,32.66,58
2019-08-23 11:39:39,3,91.96,3.84,62
2020-01-06 19:22:43,10,81.27,11.49,74
2020-07-13 13:21:16,11,75.58,90.59,295
2019-12-20 19:45:57,12,50.49,88.22,227
2019-09-24 03:27:27,5,35.25,13.15,247
2019-10-23 18:40:21,10,88.66,21.83,32
2020-06-24 06:17:39,7,23.22,50.13,29
2020-07-06 03:48:01,3,9.35,5.92,182
2019-10-19 20:59:55,10,66.23,79.72,59
2020-02-23 23:40:14,9,93.68,27.12,93
2019-09-18 01:18:36,15,80.58,98.85,131
2019-11-05 16:03:57,14,57.07,96.3,202
2020-03-24 03:30:34,10,62.55,5.46,39
2020-01-31 00:59:56,4,10.67,53.42,1
2020-02-17 15:32:52,5,82.27,71.86,86
2020-03-18 12:08:07,5,40.35,19.25,178
2020-05-23 13:14:32,10,10.18,11.7,161
2019-09-03 04:14:12,10,87.46,14.8,244
2019-11-09 15:04:42,2,49.21,22.28,156
2019-09-01 21:12:08,6,88.48,31.55,233
2020-01-18 11:59:19,10,50.12,26.13,142
2019-10-20 01:07:07,14,5.88,65.67,348
2019-11-22 13:34:01,6,44.49,31.49,208
2020-02-17 19:14:41,14,8.09,71.75,89
2019-09-12 01:04:36,14,41.85,98.71,174
2019-11-26 05:05:44,2,31.18,23.8,351
2020-04-05 09:04:47,3,7.53,4.79,358
2019-10-29 10:25:16,2,52.03,44.81,197
2020-04-17 23:45:50,11,75.91,26.3,325
2019-08-26 10:46:50,5,86.91,21.85,175
2019-12-27 08:35:00,5,8.65,99.11,145
2020-04-15 17:40:55,9,98.89,49.6,177
2020-01-26 09:37:00,15,91.12,12.44,131
2019-07-21 22:29:03,15,94.51,10.7,114
2019-08-10 20:05:04,12,23.19,66.19,133
2020-01-10 02:35:43,14,91.38,67.79,31
2019-09-14 21:44:09,10,13.4,4.07,286
2020-03-17 05:39:17,11,49.41,78.53,292
2019-12-26 22:10:21,12,40.1,98.62,67
2019-10-16 09:18:39,14,33.55,17.82,275
2019-10-20 21:38:56,7,53.14,21.85,273
2019-11-23 06:16:31,13,66.2,62.09,92
2019-10-06 04:02:25,9,17.4,49.95,70
2019-07-30 00:22:52,14,51.54,41.22,292
2019-10-22 19:52:15,7,75.43,53.66,346
2020-01-04 21:37:07,4,77.89,7.75,321
2019-07-31 15:43:12,6,18.36,8.15,82
2020-03-22 11:55:07,14,94.71,76.29,291
2020-05-30 16:03:59,8,7.92,68.85,161
2020-04-19 09:02:31,11,59.6,95.66,337
2020-03-14 16:17:19,4,59.44,62.48,180
2020-06-01 18:48:55,8,61.37,44.25,56
2020-07-04 01:04:16,4,5.87,38.91,56
2019-07-23 13:55:13,13,61.96,37.55,265
2020-04-08 01:33:26,2,76.21,27.68,299
2019-09-25 08:42:47,1,27.86,97.1,249
2020-05-13 21:59:12,12,87.01,23.23,53
2019-09-23 10:15:46,9,74.67,29.98,199
2020-07-14 08:13:05,14,39.69,76.69,190
2019-09-08 04:41:14,15,6.91,50.16,25
2020-04-18 09:21:51,4,65.55,78.8,226
2020-03-02 11:30:36,3,21.04,63.14,187
2020-05-07 11:21:26,11,73.67,69.76,248
2019-09-07 05:09:23,1,32.8,27.61,326
2020-01-08 08:50:48,11,64.03,44.3,174
2020-03-27 02:44:45,9,88.57,29.65,91
2020-01-23 06:31:45,15,34.27,70.8,227
2020-03-12 15:08:58,11,90.59,72.36,342
2019-07-24 12:19:41,2,17.2,99.99,27
2020-01-22 06:50:54,13,34.34,67.94,139
2020-01-14 18:53:57,7,45.7,20.17,304
2019-09-17 01:40:36,9,74.54,9.47,179
2019-08-30 22:21:40,13,23.06,40.7,267
2019-11-13 18:50:56,4,40.35,98.96,144
2019-07-28 00:44:00,2,92.22,55.45,303
2020-02-16 14:01:09,5,6.42,12.91,321
2020-01-28 14:19:57,7,70.47,78.79,250
2019-09-30 06:50:48,11,50.16,10.0,108
2020-03-28 05:11:15,3,91.14,42.09,34
2019-11-09 06:53:32,2,46.7,8.66,119
2019-08-17 15:46:29,6,96.22,81.91,200
2020-06-18 04:42:56,2,85.26,38.0,280
2019-10-02 13:09:39,6,73.44,18.37,190
2019-09-02 01:32:26,10,68.77,41.96,14
2019-11-16 20:09:00,13,93.8,74.73,201
2020-01-20 06:29:53,4,4.73,58.35,144
2019-12-24 00:03:20,12,64.25,57.97,32
2020-03-28 20:00:32,8,86.41,81.29,210
2019-12-05 21:40:24,10,23.35,95.26,227
2019-10-15 23:44:23,14,43.46,73.15,333
2020-02-17 05:37:56,4,23.21,20.73,312
2020-01-14 14:23:54,15,39.86,80.92,53
2020-01-04 13:15:40,14,42.21,38.18,25
2019-08-05 15:55:08,5,24.93,65.12,257
2019-08-07 06:43:59,2,45.09,36.42,304
2019-08-16 22:34:42,3,70.5,74.5,335
2019-07-27 15:46:44,1,20.14,55.26,181
2019-10-13 12:46:00,12,85.0,52.04,108
2019-09-05 13:54:44,9,76.08,79.59,117
2019-08-31 23:33:51,2,10.85,17.98,197
2019-11-16 13:28:06,5,60.05,9.55,82
2019-11-19 06:57:19,1,11.91,98.78,160
2019-11-14 11:57:11,15,59.53,31.36,1
2020-01-16 11:02:45,11,54.72,54.39,243
2020-03-31 20:39:19,2,44.02,85.33,16
2020-06-10 19:52:02,3,45.87,27.27,98
2019-11-07 17:32:02,13,52.65,77.84,174
2020-04-19 17:54:56,3,80.94,36.22,178
2019-11-29 14:27:37,15,10.97,31.44,223
2019-12-03 01:58:28,3,84.66,68.12,9
2019-10-10 02:36:36,13,82.35,91.05,51
2019-12-01 15:30:49,8,23.08,60.0,3
2020-03-01 10:49:13,8,64.03,99.47,317
2019-08-09 16:39:32,5,14.04,65.13,284
2020-04-05 02:49:41,2,64.81,85.36,27
2019-12-24 08:26:14,5,66.89,28.61,304
2020-01-12 05:30:06,9,14.94,16.81,237
2019-11-12 17:24:11,11,93.87,33.12,57
2019-10-06 15:31:21,1,45.12,59.83,112
2019-12-14 01:48:27,5,9.91,43.06,175
2020-04-07 17:00:30,9,44.06,98.01,260
2020-04-18 16:33:33,1,62.56,92.18,82
2020-06-22 09:56:51,1,84.92,95.15,219
2019-10-21 07:31:47,2,90.04,92.56,168
2020-07-17 21:07:09,8,98.44,91.97,186
2020-02-28 18:41:18,10,51.84,28.36,335
2019-07-31 10:27:34,10,91.01,73.36,115
2020-04-22 02:46:11,2,11.97,19.33,317
2020-04-18 02:07:26,6,22.34,24.26,11
2019-07-29 04:30:44,12,26.28,69.31,145
2019-08-24 13:41:00,14,19.15,85.64,20
2020-01-16 07:46:31,4,74.04,75.28,327
2019-12-14 17:32:31,15,57.44,88.71,320
2020-02-04 09:58:59,11,67.09,48.37,259
2019-08-18 02:19:41,1,12.14,83.07,203
2020-06-21 01:27:51,15,92.27,81.67,73
2020-05-24 23:11:57,10,56.33,38.19,353
2019-11-06 17:26:26,12,53.26,5.78,267
2019-07-27 09:03:51,15,2.37,81.33,239
2020-04-05 18:54:33,13,25.19,37.69,284
2020-05-03 12:33:27,12,16.49,73.19,211
2020-03-05 14:12:33,5,94.22,78.52,86
2019-09-30 13:01:52,13,89.89,50.69,117
2019-08-25 13:30:45,3,93.66,25.95,130
2019-08-19 11:28:22,3,39.1,39.07,93
2019-09-11 00:00:27,5,67.89,76.91,67
2020-03-17 13:02:10,3,23.36,64.85,304
2019-09-23 14:59:26,6,42.27,53.88,81
2019-12-30 17:58:45,9,40.37,72.73,133
2020-01-09 15:47:24,2,82.73,81.69,186
2020-03-27 03:01:59,5,36.34,32.32,288
2019-09-26 09:26:05,6,80.46,42.64,212
2019-12-18 07:31:32,4,67.59,53.27,105
2020-05-25 16:01:06,6,92.92,51.85,84
2019-10-31 08:09:56,8,72.56,80.25,331
2019-08-02 08:38:51,15,19.33,63.94,353
2020-04-19 15:09:02,2,43.75,44.91,34
2020-07-17 16:52:23,4,56.56,22.53,316
2019-10-04 06:18:33,6,12.58,76.11,38
2020-03-09 08:15:43,5,73.96,26.22,334
2020-01-04 07:43:41,8,34.6,61.04,275
2020-03-01 10:02:59,14,5.35,74.32,241
2020-04-27 20:56:26,14,70.7,58.77,236
2020-04-13 12:23:27,6,92.94,74.44,81
2020-04-14 01:39:43,1,53.57,80.93,292
2019-11-06 15:26:04,13,70.54,1.87,332
2020-02-05 17:03:53,2,66.31,89.0,33
2020-01-02 17:38:23,11,37.19,85.16,65
2019-08-10 18:20:44,3,6.55,82.87,55
2019-11-20 09:44:07,6,40.12,4.83,286
2019-12-06 20:12:51,7,24.73,57.65,316
2020-01-17 06:25:39,11,55.57,65.32,205
2020-07-15 18:31:07,6,37.0,77.7,104
2019-09-26 07:27:01,11,95.9,93.06,169
2020-06-13 11:39:18,10,68.66,44.48,63
2020-02-11 10:22:12,13,13.81,38.65,277
2019-09-12 18:21:00,8,12.39,22.4,118
2020-01-23 08:06:45,6,75.73,85.06,201
2020-07-08 16:58:25,11,84.6,76.02,270
2020-03-10 16:45:20,15,26.45,80.13,281
2019-10-04 20:47:00,6,95.24,96.23,279
2019-10-06 06:46:20,9,78.34,43.77,21
2020-05-09 08:54:45,10,97.76,76.77,38
2019-11-09 04:40:58,1,19.16,80.75,3
2019-12-20 11:51:04,10,42.67,94.07,331
2019-08-23 04:34:20,11,15.14,86.58,5
2020-01-17 14:34:13,12,97.91,22.01,166
2020-04-28 23:39:03,14,59.85,74.59,36
2019-11-14 22:28:06,7,93.81,99.86,336
2020-05-05 09:06:05,12,35.02,3.79,299
2019-08-14 09:37:24,7,59.35,56.0,104
2020-04-04 18:37:44,7,53.32,22.37,180
2020-02-16 20:49:13,14,33.69,80.45,135
2020-06-25 00:12:12,1,51.51,60.44,124
2019-10-31 19:21:17,11,66.59,34.95,189
2020-05-03 20:33:20,15,89.55,78.78,151
2020-02-19 19:19:03,3,47.57,81.01,86
2020-03-18 01:41:23,3,46.0,89.07,357
2020-05-18 06:20:49,14,55.43,26.91,10
2019-11-24 23:37:14,14,22.12,48.89,148
2019-12-24 09:31:29,1,5.92,62.71,357
2019-12-09 05:43:05,14,7.31,3.57,311
2020-07-17 14:33:16,2,62.95,99.08,151
2019-11-28 08:53:36,1,17.92,3.05,214
2019-08-25 09:11:03,15,92.78,25.91,266
2019-09-04 21:36:55,10,41.25,1.62,317
2020-05-12 19:29:07,10,72.78,55.09,95
2019-11-16 19:01:45,3,2.45,66.3,31
2019-11-10 21:20:14,8,98.39,26.62,312
2019-12-18 14:15:25,9,10.45,71.57,99
2019-09-30 03:16:22,6,10.32,71.4,103
2019-10-20 15:39:22,2,17.42,10.89,188
2020-05-31 02:41:01,4,19.38,2.33,316
2020-04-26 07:15:28,3,51.15,15.61,148
2020-03-23 23:58:04,4,57.0,11.44,328
2020-03-20 02:24:51,11,1.01,85.25,63
2020-06-22 08:30:37,15,76.9,78.94,152
2020-02-06 17:20:06,11,12.35,85.66,291
2019-12-09 14:42:22,13,55.42,17.92,170
2020-01-30 17:20:45,14,20.64,88.78,322
2020-04-20 15:46:20,9,3.2,95.12,41
2020-04-25 17:36:57,8,53.03,70.36,259
2020-03-09 19:25:59,15,10.61,70.65,186
2020-01-08 13:44:21,14,88.51,41.77,145
2019-07-22 00:43:10,6,8.17,34.37,132
2019-08-01 22:18:01,13,85.39,37.5,257
2019-11-23 14:41:57,5,31.52,8.52,210
2019-08-01 12:09:36,10,37.75,99.05,48
2020-02-22 05:50:52,14,59.17,25.53,264
2019-11-06 03:42:34,5,39.49,26.88,45
2019-11-22 10:49:33,10,28.69,41.95,249
2020-02-16 02:07:54,8,8.14,11.3,352
2020-02-11 02:48:23,10,67.65,76.9,210
2020-05-30 23:24:11,1,97.27,32.01,192
2019-10-24 21:56:53,5,94.66,56.79,223
2020-01-29 20:27:53,15,75.22,42.25,355
2020-04-20 08:21:36,1,29.65,30.44,133
2020-02-12 00:10:25,13,92.67,56.98,195
2020-05-20 19:55:57,5,63.21,8.56,279
2020-04-26 20:23:58,9,18.5,37.36,232
2020-04-29 02:25:06,4,44.67,88.61,145
2019-07-24 09:45:10,4,74.91,16.64,160
2020-06-14 07:28:54,9,77.58,11.22,102
2020-04-24 12:08:18,14,32.25,45.36,82
2020-03-09 17:24:05,5,74.76,40.69,302
2019-11-07 23:54:31,1,28.32,33.33,35
2020-05-04 11:40:34,2,31.24,55.16,321
2020-04-27 07:05:44,5,33.26,12.68,304
2019-10-02 10:11:45,10,9.55,54.64,189
2019-12-27 18:18:15,2,3.88,85.6,126
2020-04-24 13:29:08,15,78.7,71.68,0
2020-06-12 22:47:13,7,38.53,17.61,105
2019-10-12 16:38:19,3,18.59,3.94,273
2020-06-24 22:59:44,6,18.76,72.27,190
2020-07-13 15:59:45,4,59.17,96.25,12
2019-09-30 01:42:50,12,39.17,67.19,301
2020-02-20 16:22:08,15,37.88,30.34,294
2020-05-01 19:30:01,4,91.2,95.81,82
2020-06-09 23:19:53,11,88.96,49.72,206
2019-08-17 09:07:58,3,86.81,36.37,340
2019-09-12 01:14:03,10,78.2,58.8,209
2020-06-10 13:17:04,11,37.47,83.75,36
2020-03-12 07:18:10,4,58.23,54.92,117
2019-11-22 00:53:44,6,76.73,59.25,332
2019-08-19 05:38:31,1,62.26,13.78,114
2019-08-16 16:05:19,7,41.16,11.62,123
2020-05-30 10:48:53,11,6.55,38.67,199
2020-01-19 17:33:32,13,95.51,6.25,262
2020-01-27 09:34:33,11,31.73,52.88,172
2019-09-01 05:06:58,15,40.55,2.05,358
2019-10-11 07:01:20,14,67.48,72.43,275
2020-03-14 03:49:04,1,15.16,9.87,350
2020-02-05 22:09:53,8,14.3,34.12,116
2020-02-28 04:47:18,9,19.36,24.68,276
2019-10-15 01:59:16,14,57.22,11.98,61
2020-04-10 09:04:16,1,85.39,23.19,353
2019-09-21 19:34:44,6,34.0,50.26,260
2019-10-06 20:49:21,9,40.94,62.35,189
2019-11-07 16:41:31,15,82.19,48.54,343
2019-07-29 05:09:27,8,26.87,24.09,278
2020-04-16 19:15:59,2,44.61,14.3,135
2019-11-08 05:02:48,7,51.31,46.51,115
2020-05-15 07:04:50,5,39.75,39.05,329
2020-07-17 18:26:48,15,4.33,11.09,266
2020-05-22 11:43:51,2,88.97,42.72,171
2019-07-23 10:25:14,10,63.53,14.02,178
2019-12-03 21:45:58,15,26.3,94.11,356
2019-11-04 02:43:43,3,74.67,84.27,73
2019-09-29 06:35:38,8,78.87,80.32,208
2020-06-28 11:02:50,11,33.79,18.96,308
2020-04-25 14:10:43,9,97.27,43.31,267
2019-07-28 09:40:50,13,23.09,51.34,19
2019-12-11 20:44:51,11,34.3,60.62,97
2019-08-11 05:02:24,2,5.01,64.02,193
2019-11-19 09:37:33,10,74.06,18.21,202
2020-06-07 06:23:08,12,66.31,13.48,209
2020-07-13 10:28:24,10,91.85,34.39,140
2019-08-19 14:54:11,11,66.48,52.85,352
2020-02-11 11:14:22,8,17.38,64.41,153
2020-02-01 10:49:31,11,17.14,90.73,178
2020-01-28 21:39:44,4,29.3,97.81,24
2019-12-18 11:56:50,8,36.89,55.75,149
2019-08-09 22:18:24,4,14.14,8.31,40
2019-10-19 11:59:32,2,45.35,86.98,10
2019-10-27 03:05:22,1,2.67,78.66,53
2020-02-15 16:02:14,4,8.46,92.15,148
2020-05-22 03:52:42,1,49.19,10.64,357
2019-09-07 23:46:10,10,93.47,73.17,24
2019-11-06 07:56:55,1,96.91,65.98,275
2019-11-01 14:56:43,15,95.51,75.2,151
2020-06-14 07:08:17,4,70.22,8.1,330
2020-01-03 18:43:51,13,40.43,82.28,26
2019-10-15 07:09:29,12,67.07,54.37,176
2020-02-25 03:51:01,14,91.18,16.27,297
2019-08-24 07:01:56,13,95.25,26.18,184
2020-05-21 23:33:06,8,53.3,80.25,282
2019-10-17 02:44:21,3,54.22,70.2,24
2019-07-21 01:33:12,1,5.81,89.66,5
2020-02-24 15:10:18,5,66.68,29.56,142
2020-02-10 21:58:25,6,96.01,70.68,15
2019-09-05 20:28:18,12,75.28,3.17,93
2020-03-17 05:20:31,10,37.52,98.2,52
2019-09-06 20:06:11,13,5.01,52.66,335
2020-02-06 14:20:50,2,91.55,6.51,262
2020-03-16 00:12:37,14,4.01,48.07,326
2020-02-02 11:52:14,9,22.77,44.98,75
2020-03-20 18:21:21,2,98.54,1.59,278
2019-10-13 19:08:21,9,29.51,27.54,248
2020-01-27 01:05:25,15,92.99,3.41,126
2019-11-23 23:12:00,1,66.76,53.84,215
2019-09-28 11:47:01,9,35.64,11.43,181
2020-05-17 18:55:52,6,47.48,5.06,275
2020-03-27 00:10:08,6,78.36,71.22,226
2020-06-01 03:57:30,14,67.28,18.17,345
2020-04-20 12:37:33,4,68.65,87.22,13
2020-02-07 13:58:23,8,16.19,67.03,253
2019-08-19 08:21:43,4,14.98,38.9,295
2019-12-24 03:29:05,9,92.24,29.39,41
2020-03-08 02:34:58,4,12.43,44.81,56
2020-04-01 02:44:07,13,10.75,83.19,209
2020-04-11 15:43:49,12,16.56,31.15,222
2020-02-26 12:40:59,1,80.82,81.99,11
2020-03-26 22:10:52,10,67.33,63.46,126
2019-10-26 04:33:49,8,23.99,43.17,112
2020-03-10 18:00:14,2,2.55,94.96,207
2019-12-17 00:39:25,2,4.07,56.95,164
2020-05-03 05:29:26,2,33.69,24.9,292
2020-07-09 02:22:36,12,6.87,66.18,62
2019-10-31 06:02:40,6,84.66,51.77,259
2020-02-09 10:04:11,15,8.53,60.24,180
2020-03-09 13:15:22,1,53.68,38.09,351
2019-11-18 14:49:29,6,46.97,74.42,16
2020-06-03 21:20:52,10,14.64,19.6,61
2020-04-12 07:32:21,9,83.32,73.94,24
2020-02-25 23:05:31,8,1.43,60.07,200
2020-01-02 02:30:36,10,70.9,77.99,203
2019-11-25 20:05:59,6,12.03,61.25,309
2020-01-04 19:11:20,4,23.51,52.53,352
2020-05-04 21:59:03,14,48.87,46.43,309
2019-11-12 22:46:09,6,35.37,64.19,51
2020-04-15 16:51:04,1,52.35,59.55,84
2020-05-13 22:07:11,5,96.23,31.56,91
2020-05-16 23:31:28,15,20.15,18.23,226
2019-08-23 21:32:35,9,40.84,17.84,328
2020-01-29 08:15:11,5,80.98,6.32,310
2019-11-06 13:46:51,1,61.74,1.09,313
2020-05-15 19:37:44,10,64.09,54.81,355
2019-10-27 14:30:01,6,29.49,42.59,331
2019-09-04 05:19:44,1,3.7,39.87,96
2020-01-02 13:01:35,1,36.48,80.15,121
2019-09-03 21:17:40,12,17.71,5.97,302
2020-04-29 03:49:02,8,90.85,18.94,259
2019-08-10 05:43:09,3,25.85,43.39,211
2020-07-08 15:46:00,3,72.18,1.8,38
2020-01-07 18:45:15,15,19.67,54.38,227
2019-10-30 12:31:52,13,31.18,47.82,34
2019-08-02 13:05:06,8,30.44,26.71,26
2019-12-28 19:29:21,5,30.53,86.71,265
2019-10-30 08:19:02,13,81.74,98.0,227
2019-08-25 13:01:49,5,14.99,16.54,78
2020-03-24 12:02:07,1,33.11,37.06,161
2020-03-31 19:18:09,9,96.15,96.31,61
2019-11-15 07:35:28,3,10.43,10.26,96
2019-10-11 03:54:29,14,37.35,39.62,193
2020-03-28 09:29:47,12,14.57,97.02,92
2019-12-09 19:16:59,1,65.88,75.1,4
2020-02-18 21:32:06,7,6.46,98.9,315
2020-02-20 15:42:24,5,65.26,16.99,163
2019-12-23 16:32:14,1,66.09,86.69,220
2020-03-26 15:43:41,14,61.65,46.07,52
2019-07-30 12:23:27,5,10.76,4.81,231
2020-04-22 18:01:59,14,62.9,9.89,119
2020-04-17 01:17:33,11,66.15,94.53,222
2020-03-06 13:18:05,15,93.38,25.2,197
2019-10-02 00:42:35,4,56.08,6.35,287
2020-06-01 10:36:33,3,16.53,51.38,99
2020-03-27 09:11:14,8,98.42,67.77,145
2019-09-01 06:16:23,15,7.96,59.09,276
2019-12-28 09:30:15,5,6.49,79.08,4
2019-07-21 03:26:18,3,9.36,36.07,225
2019-08-10 17:15:23,3,47.66,42.74,96
2020-07-06 05:28:09,4,68.2,82.78,258
2019-08-11 10:45:05,15,91.46,32.03,45
2019-08-16 19:30:53,12,63.12,3.15,166
2020-03-07 12:32:49,8,27.24,87.71,310
2020-06-04 12:33:05,3,19.37,63.21,31
2019-12-04 19:48:52,14,21.89,21.16,325
2020-02-14 20:29:52,8,61.65,62.11,29
2020-01-18 03:33:55,4,86.55,52.18,21
2020-06-28 12:51:38,1,17.92,99.26,345
2019-09-11 19:19:25,9,16.2,40.34,249
2019-08-16 02:57:13,7,19.48,37.24,133
2019-12-02 23:39:47,12,85.22,52.79,93
2020-03-13 01:28:58,4,19.35,52.02,109
2020-02-26 06:48:54,1,62.11,65.57,330
2020-06-20 15:16:42,6,77.09,45.81,228
2020-01-30 07:04:28,14,90.34,68.94,301
2019-08-23 09:26:57,6,50.67,16.92,295
2019-08-16 09:48:09,3,25.24,76.65,162
2020-06-18 08:24:12,13,24.6,25.02,26
2020-04-27 02:45:51,10,34.62,10.99,257
2019-10-09 07:25:25,15,83.86,33.57,140
2019-08-30 20:47:56,11,81.01,83.2,158
2019-10-04 13:31:18,10,58.72,92.0,320
2019-10-14 02:32:30,1,13.62,9.97,270
2020-02-04 06:07:18,7,78.58,2.09,167
2020-02-09 16:08:36,5,68.05,75.81,348
2019-10-26 04:55:35,10,3.99,11.64,4
2020-03-27 22:11:02,1,36.54,28.26,343
2020-04-30 15:12:54,13,56.51,86.37,284
2019-11-21 04:13:39,1,91.41,97.2,13
2020-03-29 05:53:57,8,85.22,38.95,53
2019-12-15 09:32:14,12,85.08,3.01,264
2020-01-28 22:53:52,13,53.51,50.23,234
2020-05-12 12:05:31,5,2.5,15.84,112
2019-08-09 01:46:03,11,67.48,88.26,209
2019-11-19 14:25:34,9,88.61,33.34,306
2019-09-23 13:09:15,11,96.28,3.39,57
2020-05-19 12:47:42,10,26.78,93.71,242
2019-09-14 22:10:00,5,5.62,96.52,10
2020-01-20 06:31:12,10,77.25,9.9,288
2019-11-24 20:24:46,11,99.44,23.34,8
2019-10-20 02:34:51,8,30.01,20.05,143
2019-09-21 18:53:05,12,57.14,52.91,56
2020-04-07 21:56:53,12,66.56,51.83,201
2020-05-30 12:39:45,2,32.97,82.19,313
2020-01-19 22:33:13,12,49.28,31.22,347
2019-10-25 19:07:55,5,3.56,14.66,121
2019-12-08 11:11:09,2,46.26,96.36,53
2020-02-11 11:44:22,14,41.06,77.94,26
2020-07-17 16:07:02,4,89.63,37.05,246
2019-11-28 13:04:37,13,59.98,62.68,178
2020-01-29 20:45:28,3,60.6,54.69,237
2019-11-28 13:39:08,7,16.91,83.83,132
2020-04-07 07:42:54,1,48.0,99.21,20
2020-01-16 00:25:46,5,42.23,29.31,281
2019-10-08 05:12:17,4,58.47,78.38,21
2019-10-21 16:59:38,4,68.85,66.12,17
2020-05-23 03:13:01,4,15.84,45.25,239
2020-02-29 21:11:31,3,29.2,61.65,244
2020-01-31 20:07:20,6,30.1,65.2,294
2019-11-20 12:06:10,9,63.35,26.15,199
2020-03-13 15:40:10,15,62.93,27.77,222
2020-07-03 18:16:20,2,69.71,73.39,287
2020-03-29 10:32:43,3,56.23,34.11,220
2019-10-24 15:44:38,1,79.9,35.59,115
2020-06-10 19:55:53,9,6.56,88.07,122
2019-09-03 09:12:10,9,83.55,67.89,144
2019-11-01 05:02:39,2,30.92,98.38,320
